fasta	gc
GRE204	70.71290834173314
GRE243	52.89564561596602
3300047160_127	41.10655292260172
GRE123	72.98351214884605
3300047160_666	67.17680242871918
GRE257	65.94397227052755
3300047160_876	35.042960236642514
GRE293	72.14094646093649
3300047160_97	67.20238616750626
3300047160_1076	55.34750964733633
GRE71	71.90415974567283
GRE.bulkMG.AN111_bin.7	62.64107022247983
GRE27	73.17593377111388
GRE250	69.9419212792044
GRE227	70.8517002563985
timezero.00C.oxic.00.000.000_bin.7	61.44025824637583
GRE272	65.30980509651917
3300047160_628	64.99932681518197
GRE181	74.56523152338912
3300047160_877	62.111154629921465
GRE15	70.93039001863825
3300047160_901	66.92831355528817
GRE114	68.3387889700507
GRE.SIPMG.176b2f20_bin.13	71.51372298683135
3300047160_164	71.32592799888403
GRE.bulkMG.AN111_bin.6	54.8095747634656
GRE298	67.39193317374068
GRE262	64.87353667820166
3300047160_334	65.77551556478738
GRE35	60.95463066883064
3300047160_732	50.20052438647536
GRE.bulkMG.HF172_bin.33	61.47753839042374
3300047160_757	70.86628163954954
GRE.SIPMG.053b4f27_bin.10	59.01765745503543
3300047160_888	55.011435346827064
3300047160_509	65.85688948534381
GRE55	70.74147684613338
3300047160_990	62.58096973804422
GRE80	68.96676282137365
GRE.bulkMG.OX082_bin.26	61.51400563637456
GRE.SIPMG.066b5f18_bin.8	65.391829054926
GRE317	60.85320714579557
GRE312	68.41484985686206
GRE196	61.62002786514489
GRE229	62.09349961856208
GRE.SIPMG.089b5f20_bin.16	63.10266268137521
GRE.SIPMG.088b5f21_bin.9	35.94015442981889
GRE75	65.53065894947132
3300047160_402	45.06526949366292
GRE.bulkMG.AN108_bin.21	71.78160157310725
GRE103	70.65930542007952
GRE.bulkMG.OX082_bin.8	58.29664423097135
3300047160_692	68.42277061986826
GRE119	59.18733153193847
GRE17	66.4607616376912
GRE219	64.09456196762056
GRE95	68.77744129155015
3300047160_1190	71.77658461527858
3300047160_50	65.6816397498831
GRE34	61.23138572371727
GRE173	61.811018992848695
GRE112	66.33624589428754
3300047160_742	64.54773790377072
GRE233	73.4358157239435
3300047160_972	64.8894067285954
GRE.SIPMG.053b4f24_bin.3	61.61523746084966
GRE.SIPMG.084b2f18_bin.11	61.13281588265409
maxbin2.0512	52.92494372121877
3300047160_1193	66.97863701160236
GRE197	59.82203936761687
GRE323	55.154404523348745
GRE.SIPMG.084b2f18_bin.1	61.328088897250055
GRE.SIPMG.108b1f25_bin.7	72.92606315392534
GRE267	48.43232827519915
GRE203	59.19489921768837
GRE.SIPMG.109b1f22_bin.23	71.84650216810144
3300047160_214	61.21399381136931
3300047160_328	68.78561832758773
GRE.SIPMG.053b4f26_bin.4	61.115909332667314
GRE.SIPMG.176b2f21_bin.2	61.270923029094035
GRE.SIPMG.176b2f19_bin.7	72.25280098093558
3300047160_660	70.95444046503657
3300047160_924	65.21331238557109
3300047160_804	66.68091098295015
GRE160	64.45693303641578
GRE.SIPMG.108b1f22_bin.21	61.52861633276451
3300047160_904	69.23254054330242
GRE133	48.002541914220615
GRE.SIPMG.109b1f22_bin.2	70.20555800446579
GRE188	74.50014525074535
GRE.SIPMG.066b5f18_bin.10	47.98320088790963
3300047160_929	61.01102333267302
GRE79	59.01579901705817
3300047160_674	61.209449779395996
GRE.SIPMG.108b1f22_bin.2	65.33387736254379
3300047160_967	68.0233678007926
GRE.SIPMG.052b4f22_bin.13	71.64319689770508
GRE240	66.35182190362583
3300047160_369	63.656243311777786
GRE.SIPMG.065b5f21_bin.7	71.78941853106741
GRE111	63.34437455342668
GRE.SIPMG.166b4f26_bin.16	59.008382649210176
GRE8	57.260044531947656
GRE.bulkMG.HF172_bin.12	56.58094739677636
GRE.bulkMG.HF172_bin.16	58.07152645643365
GRE.bulkMG.LF176_bin.18	66.67324066977481
GRE.SIPMG.066b5f20_bin.22	71.64877718706785
GRE164	69.27097693025945
GRE201	72.13437713222967
3300047160_691	53.885868617227295
GRE.SIPMG.065b5f20_bin.25	61.27684604507297
3300047160_1053	70.47399077172963
GRE302	64.94792448469616
GRE29	70.54916374329223
3300047160_607	58.426588971324755
GRE.SIPMG.174b1f20_bin.15	61.47100077787956
GRE102	39.79355748780261
3300047160_274	63.598520471308085
GRE.SIPMG.088b5f20_bin.35	64.91459532815013
GRE.SIPMG.088b5f20_bin.34	41.34872826663848
3300047160_502	70.46004030098794
3300047160_1272	63.54985312090221
GRE113	67.59355306109059
GRE306	67.55541828034698
3300047160_792	66.86449007326937
GRE.SIPMG.065b5f22_bin.27	71.0223325057286
GRE.SIPMG.108b1f25_bin.5	69.98682571212328
3300047160_1021	47.51391387094935
3300047160_663	67.14964099481533
metabat2.164	48.30318178855061
3300047160_863	65.71778363534112
GRE.bulkMG.T000H_bin.13	54.88827547623926
GRE.SIPMG.117b4f27_bin.22	61.26141436740192
3300047160_104	61.317056637137654
GRE86	59.74659012852972
GRE152	67.8975293260604
3300047160_93	65.55451306061772
GRE213	59.36188302635116
GRE.SIPMG.065b5f22_bin.8	69.75237362306447
GRE.SIPMG.176b2f19_bin.14	69.73306707452947
GRE311	66.24138152579097
3300047160_992	57.352387923933776
3300047160_1046	63.000022817896564
3300047160_26	68.73094216881096
3300047160_669	60.21749247400045
GRE.SIPMG.178b2f19_bin.23	71.69979303610533
GRE.bulkMG.OX082_bin.12	64.36841007628962
GRE.SIPMG.066b5f18_bin.15	71.83464858936303
maxbin2.1011	50.42203715173016
GRE.SIPMG.082b2f19_bin.5	61.73586300697945
GRE70	61.333850445105135
GRE.SIPMG.066b5f19_bin.24	65.5525738301423
3300047160_835	47.8344995190201
GRE.bulkMG.AN111_bin.1	61.62483228808868
3300047160_79	59.669668440120596
3300047160_739	41.169331277949226
GRE.SIPMG.084b2f17_bin.14	61.11175821995325
GRE.bulkMG.AN108_bin.1	64.59422290121373
GRE150	65.30490851517818
3300047160_228	66.08060583308193
GRE41	67.23859961749287
3300047160_761	68.72954903254683
GRE244	59.13733604678242
3300047160_927	60.51994931775319
3300047160_1185	68.28181401908947
GRE.SIPMG.109b1f23_bin.27	62.96865333533986
GRE124	70.12871627375608
GRE210	68.80605462935179
GRE200	66.3233394727447
3300047160_1155	36.47445345484796
GRE22	72.94180867784289
3300047160_48	67.62108490382661
GRE118	66.93502304444401
GRE.bulkMG.HF170_bin.20	61.53058921338255
3300047160_348	59.72426567571484
maxbin2.0126	55.02370315269741
3300047160_1191	45.95205043434012
GRE.SIPMG.178b2f18_bin.6	61.127299563403355
GRE.SIPMG.066b5f19_bin.19	69.74653680525591
3300047160_810	65.34046355698709
GRE249	60.745290688959734
GRE52	70.57552365586868
GRE280	62.25837397537162
maxbin2.0347	52.97784469384364
GRE74	66.35732215925395
GRE.SIPMG.109b1f23_bin.3	71.79273113564173
bin.308	50.93850576102071
GRE.SIPMG.066b5f18_bin.5	65.38042856848034
GRE18	72.09253247356361
3300047160_897	65.87414420313227
GRE156	69.24759832768267
GRE82	65.7900594593028
GRE208	67.3391579605374
3300047160_547	69.49953691877529
3300047160_656	50.43495332234082
3300047160_343	38.16202671989628
3300047160_718	42.16609110034541
3300047160_1034	69.34526131141364
3300047160_1011	70.2292168206158
3300047160_259	58.66365255293646
GRE256	59.2881966879415
3300047160_950	68.96079473500168
3300047160_1055	69.81258414438292
GRE7	47.92271834172856
3300047160_468	67.93081447788201
3300047160_475	64.90314580463082
GRE.SIPMG.108b1f23_bin.24	72.76076196992838
GRE.bulkMG.HF170_bin.13	54.814890124727604
GRE315	66.09795276785245
GRE305	61.81230391958733
GRE.SIPMG.169b2f19_bin.16	72.89283554311717
3300047160_1090	57.12600451632416
3300047160_1059	71.05126644625471
GRE48	61.4194705800699
GRE108	59.389340354456955
3300047160_766	71.71041738368243
3300047160_723	67.5678509016674
3300047160_1066	69.64979549050948
3300047160_578	49.28554447504977
3300047160_561	41.85700944448616
GRE46	72.25841747291209
GRE.SIPMG.089b5f21_bin.3	65.03660505461718
3300047160_740	65.58083982737014
GRE264	62.215767219487326
3300047160_546	69.45465899422372
GRE129	64.33595382967616
GRE283	68.50340127166976
GRE.SIPMG.108b1f22_bin.1	72.02457527752941
GRE.SIPMG.117b4f26_bin.8	72.8884649546818
GRE91	71.03504896894543
GRE78	64.68762085897363
GRE.SIPMG.066b5f21_bin.2	72.00922299948903
3300047160_939	67.55510607486794
GRE.SIPMG.109b1f23_bin.21	72.81203110936804
GRE.SIPMG.169b2f22_bin.14	69.90119532283293
3300047160_653	70.1842389246296
3300047160_316	64.1854219999651
3300047160_895	69.26497228416
timezero.00C.oxic.00.000.000_bin.33	58.89245706283811
3300047160_1097	72.23821405912831
3300047160_342	69.4707881656028
3300047160_997	39.76975884567044
GRE319	64.15161403679348
GRE205	64.61236591262849
GRE.SIPMG.171b2f17_bin.7	61.419438285555636
GRE.SIPMG.066b5f21_bin.11	61.97973081084482
GRE60	66.05701020131579
GRE.SIPMG.169b2f20_bin.29	65.18393298172913
GRE.SIPMG.065b5f21_bin.18	71.24797031376521
GRE.bulkMG.AN108_bin.38	54.79908939534386
GRE.SIPMG.174b1f23_bin.1	61.20551566187632
3300047160_956	61.33234768394781
GRE.bulkMG.LF176_bin.7	64.64090814407609
GRE127	69.78988577902099
GRE.bulkMG.AN108_bin.30	34.979190519865895
GRE.SIPMG.174b1f20_bin.10	70.00946218221387
3300047160_1219	66.91229179565929
GRE.bulkMG.T000H_bin.39	61.37789635622214
3300047160_530	73.60209807177179
GRE194	69.28388289856116
GRE.SIPMG.117b4f26_bin.16	69.83433899094837
3300047160_203	71.07035715027078
GRE.SIPMG.168b4f25_bin.3	61.401574721910805
GRE.bulkMG.AN108_bin.36	58.38396031606684
GRE24	41.082056656701596
GRE97	67.63496436989519
GRE.SIPMG.109b1f24_bin.3	70.50705494138649
GRE.bulkMG.OX082_bin.11	69.74870720772176
GRE.SIPMG.174b1f21_bin.18	69.71740969555236
GRE168	69.78922389237779
3300047160_425	72.95924435010926
GRE308	65.1146672369121
3300047160_103	68.97817377363812
GRE254	70.20121290968025
GRE.SIPMG.178b2f17_bin.17	69.68067245560192
GRE.SIPMG.082b2f24_bin.12	69.8212386830374
GRE.SIPMG.082b2f22_bin.4	73.08478203332247
3300047160_912	60.56156013283147
GRE217	59.69156431378177
GRE136	62.09125158658807
GRE.SIPMG.176b2f19_bin.19	71.63754849985996
GRE.SIPMG.171b2f20_bin.15	69.94139184730673
3300047160_685	72.7428277597344
GRE157	70.38476687693182
GRE284	57.313495078733446
3300047160_99	64.90870312310635
GRE.SIPMG.178b2f15_bin.16	69.78087799311926
GRE.SIPMG.065b5f21_bin.8	61.507846369798756
GRE59	62.479936329299804
3300047160_178	66.48991521276918
GRE195	62.001729775777356
GRE.bulkMG.T000H_bin.28	69.55766312675198
maxbin2.0082	69.73609030690135
3300047160_335	70.50115459189516
3300047160_760	67.74373773941096
GRE6	64.49075133792716
GRE.SIPMG.066b5f20_bin.19	73.2193666760857
3300047160_617	63.18683548987971
3300047160_668	63.79154700451461
GRE285	72.08342714670394
GRE11	62.771281741350585
3300047160_197	64.64076910130044
3300047160_283	59.355284661005314
3300047160_552	64.77001112388919
GRE.SIPMG.066b5f19_bin.6	73.27477565076711
GRE.SIPMG.082b2f19_bin.20	69.58376768637712
GRE.bulkMG.T000H_bin.38	58.38572325958121
3300047160_1044	74.14144798236916
GRE307	65.59993466384333
GRE.SIPMG.082b2f21_bin.16	72.39051473723687
3300047160_457	64.04809688485922
3300047160_1089	61.80595577983418
GRE.SIPMG.174b1f22_bin.10	73.13618824088458
GRE.SIPMG.066b5f18_bin.14	69.54700892893257
GRE87	68.74701521471381
maxbin2.0329	65.94314400833792
GRE.SIPMG.052b4f23_bin.14	69.90973082471314
3300047160_545	54.63549965793323
3300047160_1283	66.61807241400204
GRE161	61.23658902805924
3300047160_891	60.42210764315081
GRE.SIPMG.109b1f22_bin.29	72.52263951486327
GRE174	62.19074997676055
metabat2.793	51.65849797089759
3300047160_442	58.11280813295752
3300047160_991	63.778315469901855
GRE.SIPMG.108b1f25_bin.19	71.91320874552657
GRE.bulkMG.AN108_bin.9	61.6013149045263
GRE.bulkMG.LF176_bin.9	60.62574450898089
metabat2.665	56.0733794878848
3300047160_540	65.9515790050413
3300047160_451	59.32874799755267
3300047160_937	65.87280352812003
GRE290	59.663233918181
GRE.SIPMG.082b2f20_bin.18	65.50537502571085
GRE13	70.92845826534756
GRE234	72.35476982096634
3300047160_716	59.01745505266614
GRE96	69.20304708038404
GRE163	61.93186926020903
GRE279	66.01039353564632
GRE304	65.08892825580848
GRE.SIPMG.108b1f23_bin.14	73.46737252409031
GRE50	65.2670674682395
GRE282	68.24194152002754
GRE224	60.09767550223192
GRE216	59.92963066211327
GRE143	64.71667605934307
maxbin2.0432	60.303613503429354
GRE178	59.10508953273296
3300047160_102	72.37004509890484
GRE277	67.35066795309694
GRE166	72.20703702918048
3300047160_78	66.8840538604107
GRE182	64.16137159571636
GRE139	61.88441189766489
GRE.SIPMG.108b1f24_bin.15	72.2975335034602
GRE.SIPMG.174b1f20_bin.9	61.35034318176337
GRE.bulkMG.OX080_bin.27	58.690098802948675
3300047160_190	38.52226511294462
3300047160_168	67.94710853780059
GRE165	64.38407779542997
GRE140	66.96533997401562
GRE235	67.55085928997299
GRE.SIPMG.169b2f20_bin.20	69.57518671438456
GRE77	65.88490789827954
GRE295	68.35070475718747
3300047160_400	70.5732359992817
GRE294	54.77551287175125
3300047160_405	65.38881531309144
3300047160_1208	67.51925777078648
GRE.bulkMG.AN111_bin.20	64.1111862647992
GRE.SIPMG.089b5f21_bin.15	62.81063888450124
3300047160_925	43.13047177452327
GRE61	59.31699016553925
GRE.SIPMG.178b2f16_bin.16	71.68120363486578
3300047160_768	38.04946993931416
GRE259	69.43743821606522
GRE83	69.88463504142241
GRE322	60.81996136237085
GRE.bulkMG.OX080_bin.16	54.80834817640248
3300047160_1081	60.10471607476118
GRE.SIPMG.052b4f22_bin.9	61.64320849439662
3300047160_1077	64.56516528822449
3300047160_398	71.42343955454923
3300047160_603	65.1910889379133
GRE148	58.341313800401075
GRE170	66.94405567381492
3300047160_367	64.60227329268014
GRE107	61.936480407898
3300047160_212	58.611566285923296
GRE.SIPMG.082b2f21_bin.12	61.789619659733134
GRE218	67.40347367160025
GRE64	59.83765187486549
GRE.SIPMG.088b5f24_bin.4	61.93547260099144
3300047160_909	67.6822619737517
GRE.SIPMG.066b5f20_bin.3	72.28948000843953
GRE.bulkMG.HF170_bin.7	64.67718796241512
GRE232	68.58914000447592
GRE5	67.97763418527289
GRE.SIPMG.171b2f19_bin.11	72.61406675741713
GRE.SIPMG.089b5f21_bin.17	71.25021442099873
GRE23	68.8343807855105
GRE266	68.3864734058425
GRE261	72.14183881440417
GRE.SIPMG.089b5f22_bin.2	72.00103508394474
3300047160_568	58.07373734352737
GRE100	61.661310820837606
3300047160_673	58.761110105341444
3300047160_735	69.96593434110757
3300047160_892	66.7787838242691
GRE.SIPMG.052b4f26_bin.19	64.73080199842603
GRE67	70.76352084696894
GRE.SIPMG.066b5f21_bin.21	69.93577123411234
GRE.SIPMG.169b2f21_bin.18	69.8601423677289
3300047160_971	69.1773680018357
GRE.SIPMG.169b2f22_bin.15	61.627227348867905
GRE.SIPMG.065b5f20_bin.3	70.03636183751955
3300047160_1082	72.78903099568637
GRE144	62.03542713522011
3300047160_843	73.37037987052496
timezero.00C.oxic.00.000.000_bin.11	59.9276022450596
GRE186	59.41981667609783
3300047160_250	69.39863795595916
GRE56	65.74759102906688
GRE.SIPMG.082b2f19_bin.3	72.33724409464915
3300047160_725	67.9335513993751
3300047160_882	63.42816014259723
3300047160_800	71.02615986042083
GRE.SIPMG.053b4f27_bin.27	64.26557488516592
GRE93	61.415556682840396
GRE.SIPMG.088b5f22_bin.7	40.42209996433296
GRE.bulkMG.LF176_bin.24	54.8158587049433
GRE131	63.824519570300325
3300047160_791	63.86851700515173
3300047160_219	63.65924115505272
GRE.SIPMG.082b2f21_bin.2	71.74750183655864
GRE274	71.6066160839152
3300047160_931	70.52241482114842
GRE.SIPMG.176b2f20_bin.7	70.068276031051
GRE287	65.42391731769594
GRE.SIPMG.082b2f20_bin.26	69.56752113484265
GRE40	61.25779065124849
GRE252	58.67506663372577
3300047160_919	53.687781699731836
GRE.bulkMG.T000H_bin.42	59.43890696899804
3300047160_750	68.50137233826501
GRE.bulkMG.HF172_bin.7	59.619307578958676
3300047160_887	55.94248518296301
GRE33	71.5766315624152
3300047160_903	56.55756243801604
3300047160_946	60.15952366348781
3300047160_408	68.63485237595103
GRE.SIPMG.082b2f23_bin.12	61.88272662392223
3300047160_747	61.8748698202274
GRE.bulkMG.OX082_bin.19	60.324334829644236
GRE.SIPMG.052b4f24_bin.4	61.385004908773766
3300047160_906	67.27299780546281
GRE230	59.51999212509801
GRE177	58.03632824790801
GRE89	69.53686462465467
GRE155	64.24030297769713
GRE.SIPMG.176b2f18_bin.12	70.11315507718656
3300047160_198	43.45294762871167
GRE260	57.84519123199769
3300047160_452	58.71194806306305
GRE14	69.64622205495456
GRE137	69.24643919923292
GRE.bulkMG.T000H_bin.8	64.37334736266327
GRE179	58.32218515364946
GRE117	55.576979088672054
3300047160_894	66.35009936182222
GRE.SIPMG.176b2f19_bin.10	70.12306661376321
3300047160_571	61.17180908607525
GRE.SIPMG.176b2f18_bin.8	72.00056000443264
GRE138	70.93126988876318
GRE.SIPMG.171b2f18_bin.17	61.55240971537525
GRE.bulkMG.HF172_bin.14	54.8277211530452
GRE191	59.57373780133581
GRE242	53.40889869729291
GRE316	68.73404323476058
GRE.bulkMG.LF176_bin.29	59.40274866475816
3300047160_949	61.0333691218243
GRE.SIPMG.082b2f23_bin.14	69.66811702771277
GRE246	67.69585212201612
GRE39	71.66591507094095
3300047160_627	63.84596993571076
GRE.bulkMG.OX082_bin.9	60.414177893398026
3300047160_352	65.26323035528908
3300047160_267	69.61912614975657
GRE.SIPMG.066b5f18_bin.21	70.36019675843016
GRE32	70.1101009910129
3300047160_209	65.27366321654274
3300047160_300	65.7488514533497
GRE169	40.23141768832209
3300047160_304	43.596715707566155
GRE.SIPMG.088b5f20_bin.16	73.16423585128734
GRE193	43.21122217036982
3300047160_955	57.02493760043798
3300047160_68	64.58006114214623
GRE.SIPMG.108b1f24_bin.18	65.45232653720291
3300047160_234	56.740537956241326
GRE.SIPMG.171b2f18_bin.19	70.090002485414
GRE4	66.30029404417157
GRE25	68.00258013473035
GRE62	59.52004096583773
3300047160_1079	59.12355856446422
3300047160_693	66.82810700991976
3300047160_301	66.88472812960967
GRE192	60.270709768025654
GRE.SIPMG.052b4f22_bin.12	73.32725152930968
3300047160_67	69.72764795070617
GRE128	73.57769864381193
GRE45	59.42402834011526
3300047160_144	54.24232709649624
GRE.bulkMG.OX082_bin.3	58.35025713321914
GRE16	54.722848797439546
GRE.SIPMG.066b5f22_bin.16	69.87556666568464
GRE.SIPMG.089b5f22_bin.21	69.89006477991744
3300047160_709	66.56085148664638
GRE92	62.06595131910745
GRE43	59.72165547052032
GRE142	67.7632226729814
GRE.SIPMG.108b1f24_bin.22	73.39658427034595
bin.240	66.5762151428911
GRE38	57.214945880546274
3300047160_727	64.27830778008169
GRE65	64.75954776174586
GRE.SIPMG.088b5f21_bin.18	65.18884192969993
GRE.SIPMG.088b5f21_bin.38	72.9729678635903
GRE31	66.67424928423831
GRE.bulkMG.AN108_bin.34	64.54872773397418
GRE.bulkMG.T000H_bin.41	67.40970762440267
GRE183	62.144984292709964
3300047160_533	68.24999854570795
GRE214	69.31019790130074
timezero.00C.oxic.00.000.000_bin.15	54.78813040057852
GRE.SIPMG.088b5f21_bin.4	69.6467802701453
GRE.SIPMG.065b5f20_bin.10	71.88541422713803
metabat2.358	50.27659972913555
3300047160_743	66.71469955544458
GRE.SIPMG.066b5f20_bin.2	62.357623892199896
GRE85	64.78886456022221
GRE281	66.35103591801649
GRE172	69.45315899105387
GRE.SIPMG.066b5f19_bin.14	70.67391721513755
GRE68	60.66924306312138
3300047160_526	62.91294096506281
3300047160_524	57.04007847752763
GRE145	69.59524722570103
GRE.SIPMG.109b1f22_bin.11	72.66884091035979
maxbin2.0177	54.77223106872625
3300047160_1071	74.29070177117704
GRE.SIPMG.171b2f19_bin.22	71.95501478316268
GRE.bulkMG.AN111_bin.11	57.26684989631873
GRE.SIPMG.066b5f21_bin.17	64.97112810438227
3300047160_996	61.81776361189335
GRE.SIPMG.169b2f19_bin.11	71.73516030722534
3300047160_506	71.27858832267782
GRE268	65.58230685244499
GRE248	55.435896160708715
GRE.bulkMG.AN108_bin.31	59.60802275797148
GRE.SIPMG.109b1f23_bin.31	70.03908529931203
GRE.SIPMG.171b2f20_bin.25	72.4955425737136
GRE30	59.88880515356833
3300047160_817	69.68503212812792
GRE.bulkMG.AN111_bin.12	62.837423390069226
GRE98	64.59425414411892
GRE313	59.486698863728236
GRE.bulkMG.LF176_bin.31	58.14676311708051
GRE.SIPMG.169b2f19_bin.5	60.19435662900904
3300047160_712	61.23676596599563
GRE271	71.48547230340772
GRE209	57.30896531856588
GRE.SIPMG.108b1f22_bin.23	72.4967463870334
maxbin2.0325	45.930992507473995
3300047160_748	63.3417082024075
GRE53	70.78865869070532
GRE110	66.23353704791097
3300047160_55	71.88700072032228
GRE231	59.252881026963294
GRE.SIPMG.065b5f19_bin.13	70.1111478310107
GRE253	57.53379968865343
3300047160_1099	72.98883407764062
GRE245	57.92330437795893
3300047160_106	59.21140249978949
GRE222	55.2116247770972
GRE.SIPMG.109b1f24_bin.11	71.75928229425266
3300047160_984	69.53267079019784
GRE154	64.56443271157758
3300047160_434	65.07815210234791
3300047160_935	65.6412838499511
3300047160_311	71.75916914775297
GRE.SIPMG.178b2f17_bin.27	72.26796968142726
3300047160_105	62.49669999109725
GRE.SIPMG.108b1f25_bin.6	61.39225896967047
GRE81	60.99193295840259
GRE.bulkMG.HF172_bin.18	60.171553986376416
GRE.SIPMG.089b5f22_bin.23	65.13249811172663
3300047160_238	54.759475339310235
3300047160_920	58.79956431894305
GRE3	71.88625285995037
GRE54	71.10725468894184
GRE.SIPMG.065b5f22_bin.14	61.255823014227666
3300047160_916	57.33551228635714
GRE288	68.2057453053815
3300047160_379	58.9129855958286
3300047160_298	70.12764421709095
3300047160_266	64.007779867237
3300047160_893	62.530189742283675
GRE.SIPMG.171b2f19_bin.8	73.56298574519214
metabat2.147	54.59114599541997
GRE270	66.84331002855401
GRE.SIPMG.176b2f20_bin.27	71.83615624543393
GRE.bulkMG.LF178_bin.5	54.93048475155326
GRE265	70.91659382487981
GRE202	69.25729974034293
GRE153	63.819021350809244
3300047160_73	71.62764433103116
GRE.SIPMG.089b5f20_bin.25	71.8887807082509
GRE.SIPMG.089b5f22_bin.10	61.76964571057292
GRE.SIPMG.052b4f26_bin.14	65.00227482264405
3300047160_952	66.10699644106008
3300047160_324	55.0779962301149
3300047160_205	66.39594759046031
3300047160_840	56.42706003513823
3300047160_518	67.66787787525746
GRE63	57.23735789053292
GRE.bulkMG.LF178_bin.23	58.568806912078706
GRE.SIPMG.109b1f22_bin.15	63.12513952590311
3300047160_386	67.54907109611442
GRE207	62.191242288653946
GRE.SIPMG.082b2f20_bin.19	72.2488335798465
GRE.SIPMG.088b5f21_bin.5	39.97790181734772
3300047160_701	58.99675093712736
GRE116	66.34443251531741
3300047160_500	70.25506590419796
GRE221	62.07601491919114
GRE291	72.78678250462323
timezero.00C.oxic.00.000.000_bin.16	69.81608429842659
GRE318	64.59422127355926
GRE.SIPMG.052b4f23_bin.28	71.96428489667895
GRE.SIPMG.082b2f19_bin.23	61.325336840815815
3300047160_874	42.10716666324118
3300047160_27	69.16380535167274
GRE180	58.349106416050155
GRE.SIPMG.084b2f20_bin.9	61.466684648735495
GRE.SIPMG.052b4f26_bin.10	64.88036825522714
GRE146	67.24076469507308
GRE141	65.58817356701357
3300047160_1073	66.5938315415681
GRE66	66.97982092855572
GRE.bulkMG.T000H_bin.43	60.082960579006986
GRE220	62.12243038981156
GRE.SIPMG.088b5f22_bin.15	70.08216792518166
GRE.bulkMG.OX080_bin.20	61.36906508791514
GRE.SIPMG.088b5f20_bin.24	69.51824954990174
bin.392	57.663159728642725
3300047160_482	69.47651424085261
GRE.bulkMG.LF178_bin.8	57.38543941283915
3300047160_598	58.60554705504346
GRE20	62.728751727475476
GRE296	73.49819201576055
GRE.SIPMG.108b1f23_bin.2	72.73964319792158
maxbin2.1689	46.31881888371683
GRE171	67.55634754128147
GRE.SIPMG.082b2f21_bin.14	69.59205485266475
GRE132	72.238984083016
GRE69	69.35694379391194
3300047160_780	70.17778806436583
GRE.bulkMG.LF178_bin.17	61.692351145807805
GRE.SIPMG.169b2f19_bin.27	69.57955007027326
GRE.SIPMG.109b1f24_bin.4	61.73887215543638
3300047160_133	63.28258796393003
GRE147	57.1498198655484
3300047160_1171	68.86663615800619
GRE255	53.70519582705368
3300047160_676	70.8099478243848
3300047160_979	67.84881242228663
3300047160_363	68.48133253993645
GRE121	59.59599403532641
3300047160_900	62.506663185893196
GRE19	61.99708999726377
3300047160_211	72.54174953420356
3300047160_614	61.06418552448159
GRE.SIPMG.066b5f21_bin.19	72.7818897192915
GRE73	55.06332483545078
3300047160_1320	38.74272516064061
3300047160_305	67.31222349638374
3300047160_331	64.24794602415628
3300047160_884	59.11713292158029
GRE149	70.25235399876054
3300047160_148	69.16470993209542
GRE321	66.219297956022
GRE269	65.3891759439998
GRE2	64.442315700143
3300047160_525	64.00118261542467
GRE.SIPMG.088b5f20_bin.36	70.94439821633766
GRE325	62.05657314590338
GRE239	65.7467096065826
3300047160_101	70.18333131604929
maxbin2.0610	50.87648108162543
GRE175	54.95181740795598
GRE263	56.11412579949108
GRE167	65.67459933283749
maxbin2.0541	55.09167008652498
GRE101	70.87089653664165
3300047160_667	66.73965188716562
3300047160_890	66.80056370671548
GRE.SIPMG.082b2f20_bin.29	73.39119906534773
3300047160_715	59.55240872420098
3300047160_1000	68.42384782568851
GRE247	57.85309462841158
GRE.SIPMG.084b2f20_bin.2	61.51126585706991
GRE301	68.90256507877459
GRE94	59.76440064055576
maxbin2.0272	61.450896799044486
GRE299	62.41754688568257
GRE.SIPMG.089b5f20_bin.27	71.67964061460354
GRE300	66.76017581444597
GRE.SIPMG.108b1f23_bin.16	69.96856167091181
GRE.SIPMG.089b5f20_bin.18	63.25757091468801
GRE.SIPMG.065b5f19_bin.14	72.02105036433572
GRE.SIPMG.065b5f19_bin.19	71.08387678796363
GRE.SIPMG.052b4f26_bin.20	63.18013689434954
GRE26	61.575650258315996
3300047160_185	57.2394803222478
3300047160_262	65.2905708205116
GRE.SIPMG.108b1f24_bin.4	72.35770472849751
GRE126	68.26907565307009
GRE.SIPMG.178b2f17_bin.15	71.72954966140531
3300047160_92	71.54659272871139
GRE.SIPMG.066b5f19_bin.7	47.941521116928634
GRE51	64.81868768458918
3300047160_1125	57.97226902114048
3300047160_964	69.36329141463952
GRE.SIPMG.084b2f19_bin.11	61.31345581201301
3300047160_1132	63.04869086841052
3300047160_923	59.86541578327396
GRE.SIPMG.052b4f22_bin.24	69.51530409786659
GRE.SIPMG.178b2f16_bin.13	61.02876226076947
GRE130	71.91765415762637
3300047160_998	66.92505143175563
GRE.SIPMG.174b1f21_bin.19	71.5859385551107
3300047160_441	65.88781047835026
GRE314	61.72645029316775
GRE.SIPMG.171b2f18_bin.15	71.9871203705372
3300047160_597	64.84540891337436
GRE.SIPMG.171b2f19_bin.25	69.98363505748046
GRE.SIPMG.176b2f22_bin.12	66.1745200738879
GRE.SIPMG.178b2f19_bin.22	61.80242761904935
GRE.SIPMG.171b2f20_bin.10	71.81771302852297
3300047160_1122	71.43790577840917
GRE120	70.53394045770975
GRE.SIPMG.108b1f23_bin.15	61.78070047254844
GRE.SIPMG.109b1f25_bin.5	63.13573534029621
GRE.SIPMG.082b2f22_bin.32	69.45770151081899
GRE.SIPMG.089b5f20_bin.23	64.6516712207311
GRE10	57.40519040040099
3300047160_807	57.97727834807436
GRE.SIPMG.108b1f24_bin.16	69.70401443339951
GRE106	62.058789797139895
3300047160_1226	70.34530114673233
GRE.SIPMG.066b5f21_bin.25	71.59308239650149
GRE289	67.15970514820307
bin.737	64.49951946735204
3300047160_125	58.906206603686876
GRE104	71.49187136812253
GRE159	62.19248692687158
3300047160_642	61.92691860292657
GRE.SIPMG.082b2f24_bin.8	71.05406819874767
3300047160_731	60.762738009523055
GRE212	59.85279265384496
GRE326	72.80078232517663
GRE237	69.67551376056537
3300047160_881	45.38011902741604
GRE.SIPMG.089b5f20_bin.6	72.37028600292766
GRE278	66.01481521915966
GRE.SIPMG.082b2f19_bin.1	73.27538499888456
GRE198	62.54414637200806
GRE215	56.66669179336037
3300047160_534	57.92888923066733
GRE.SIPMG.108b1f23_bin.9	71.96478554197908
GRE.SIPMG.169b2f20_bin.27	72.05482368810941
GRE.SIPMG.088b5f22_bin.16	61.405448339047844
GRE236	70.93753286688221
GRE292	71.02107606072238
GRE134	71.19232735088764
3300047160_774	68.73835230939301
GRE162	59.4405022643231
GRE199	67.53264830983073
GRE.SIPMG.052b4f22_bin.3	72.12467389953582
GRE1	62.4943842828329
GRE12	64.9665997125479
GRE.SIPMG.109b1f22_bin.12	73.58298171765112
GRE.SIPMG.168b4f26_bin.9	61.18872516495063
GRE.SIPMG.066b5f20_bin.4	69.9381873286109
3300047160_680	69.79746493107687
GRE.SIPMG.174b1f22_bin.20	69.67107605601824
3300047160_303	55.212609722741
GRE.SIPMG.169b2f19_bin.19	72.1389408358432
GRE.bulkMG.OX082_bin.25	54.786251481487824
GRE44	64.5009251907613
GRE42	68.68673211898493
GRE.SIPMG.052b4f26_bin.21	61.63594929430377
GRE241	71.07788344415447
GRE258	66.28175617072154
GRE309	45.07341740118182
GRE.SIPMG.174b1f22_bin.19	61.59618449663079
3300047160_809	69.60856509618195
GRE.SIPMG.089b5f25_bin.4	61.31884598974853
3300047160_152	65.34743258358404
3300047160_690	60.49871142699007
GRE189	59.54873790944334
GRE57	72.65462891456883
GRE211	60.86598076120805
GRE.bulkMG.OX080_bin.4	69.68068024872323
GRE72	62.494625017148046
3300047160_567	60.42206767910606
3300047160_1085	67.37446759995477
3300047160_590	61.637636966061706
GRE190	67.79968168794355
GRE320	73.07743585481369
GRE109	62.27290409224071
bin.182	44.00269793498939
3300047160_962	62.73480699326176
GRE28	60.08696225930129
3300047160_137	64.36744957643694
GRE310	69.60023037630742
GRE.SIPMG.169b2f19_bin.29	71.19700678238752
GRE228	64.35378434673669
GRE.SIPMG.082b2f20_bin.6	61.43216303504885
3300047160_1146	66.10241559305476
metabat2.783	44.88758978207678
GRE.SIPMG.117b4f26_bin.23	71.41185972007855
GRE105	65.93132612320879
GRE99	47.18272311711335
3300047160_427	66.82084243045422
GRE.SIPMG.178b2f19_bin.18	69.82132361823453
GRE151	71.19487205563634
3300047160_928	68.95900647509103
GRE.bulkMG.AN108_bin.44	62.96894474072724
3300047160_564	60.485384495581265
GRE225	68.52854576172201
3300047160_1016	70.68107335674901
3300047160_846	69.74602243426355
3300047160_520	58.68758546640993
GRE275	65.4089361142808
GRE115	61.529818719318186
GRE58	64.85252309091135
3300047160_873	64.10235249891831
GRE.bulkMG.OX080_bin.28	60.59028608602636
GRE.SIPMG.052b4f24_bin.2	69.66825680566694
3300047160_930	59.04167929649481
3300047160_1137	69.94988591586223
GRE.SIPMG.088b5f20_bin.5	62.58798207671505
GRE.SIPMG.066b5f19_bin.17	40.876714643876234
GRE.SIPMG.066b5f18_bin.18	40.83953265059415
GRE.bulkMG.AN108_bin.15	56.72036345569432
3300047160_317	62.204910579572655
3300047160_679	61.2821500019856
GRE.SIPMG.066b5f19_bin.22	71.69872034091478
3300047160_215	70.37258869787647
3300047160_968	45.362416899081424
3300047160_1008	69.01377794416862
GRE.SIPMG.109b1f24_bin.19	63.1768742983
GRE.SIPMG.088b5f21_bin.17	61.75544680312786
3300047160_501	66.10953944131197
GRE49	69.42916022924706
3300047160_1033	68.78409044717154
GRE76	71.5845506101833
3300047160_649	67.96794068947831
3300047160_1039	71.4494133822123
GRE.SIPMG.178b2f16_bin.14	69.62112634408183
GRE.SIPMG.065b5f19_bin.8	61.373847089234424
3300047160_797	63.59162713201919
GRE47	57.68698076701896
GRE.SIPMG.052b4f23_bin.11	71.63716795739067
GRE88	63.245116868488644
GRE.SIPMG.088b5f20_bin.11	71.9987118975274
3300047160_326	39.8211526488205
GRE.SIPMG.053b4f27_bin.8	61.66554320442571
GRE.bulkMG.LF176_bin.34	56.54872307830359
3300047160_1260	71.73357884576441
GRE.SIPMG.109b1f23_bin.30	61.474196262603535
3300047160_579	64.23241610360617
3300047160_624	69.68782730884647
GRE.bulkMG.LF178_bin.26	58.788481054588736
GRE.SIPMG.084b2f21_bin.7	61.296863988778966
GRE303	69.61661757887086
GRE.SIPMG.109b1f24_bin.21	72.67705531841433
3300047160_221	59.087067686168055
GRE.SIPMG.088b5f20_bin.28	61.425118914411875
GRE158	72.44999840154287
GRE21	61.18003432807632
3300047160_496	68.1729860286049
GRE90	62.43231132710634
3300047160_1176	58.95335639723895
GRE184	59.42403384542868
GRE.bulkMG.LF176_bin.33	60.84723440289296
GRE226	54.94648958254963
maxbin2.0908	54.20113089700179
GRE135	62.3008594492286
3300047160_726	65.74172292372322
GRE273	65.57998573477977
GRE.SIPMG.066b5f19_bin.15	72.50090318898417
3300047160_618	70.26270125000694
GRE187	69.71011269588315
GRE.SIPMG.088b5f21_bin.19	61.46684559449961
3300047160_682	59.307101612068955
GRE297	62.10020773071688
GRE37	71.58241636774247
GRE.SIPMG.082b2f20_bin.2	71.70326217564083
bin.204	48.18558303127936
3300047160_883	62.86435262925238
GRE238	59.209297515899074
3300047160_933	63.37993171159282
3300047160_538	64.50961505361924
GRE185	64.07775044723205
GRE.SIPMG.176b2f18_bin.7	61.75048082157576
GRE.SIPMG.169b2f23_bin.24	69.91319727743603
3300047160_401	72.30622874068834
3300047160_527	67.02012195362882
GRE286	71.1347595135397
GRE122	64.63468237738277
GRE.SIPMG.066b5f18_bin.17	73.89696743271946
GRE.SIPMG.176b2f18_bin.2	71.77663326460804
GRE206	67.57870701644237
GRE251	59.232603044738724
3300047160_699	48.77079492575965
GRE.SIPMG.082b2f22_bin.11	72.0721040036182
GRE324	62.89835112464468
GRE84	62.11006221466432
GRE.SIPMG.117b4f26_bin.29	71.02650508951147
GRE125	61.543387697798934
GRE.SIPMG.088b5f21_bin.20	72.26036587363615
maxbin2.0342	55.89142730675268
3300047160_357	69.78831575759504
3300047160_581	71.23150746481649
3300047160_957	69.39129114677114
GRE176	55.03841141458043
3300047160_995	66.69484554364453
3300047160_391	68.17067140442008
GRE.SIPMG.108b1f22_bin.22	69.78417888780545
GRE223	66.13359412405005
GRE276	65.34048023127426
GRE.SIPMG.082b2f21_bin.18	73.37012132191327
GRE36	40.6551125705161
GRE9	34.732525169054725
3300047160_683	72.47307159047949
3300047160_1115	65.44033752404928
GRE.SIPMG.109b1f22_bin.3	72.23611809749505
GRE.bulkMG.HF172_bin.36	64.73755186883294
GRE.SIPMG.052b4f23_bin.16	73.0096581728127
